{"cameraMode":{"drawMode":0,"name":"Shaded","section":"Shading Mode"},"sceneLighting":true,"audioPlay":false,"sceneViewState":{"m_AlwaysRefresh":true,"showFog":true,"showSkybox":true,"showFlares":true,"showImageEffects":true,"showParticleSystems":true,"showVisualEffectGraphs":true,"m_FxEnabled":true},"in2DMode":false,"pivot":{"x":0.005379867274314165,"y":2.9098193645477297,"z":9.803455352783204},"rotation":{"x":-0.01310907956212759,"y":0.7881866097450256,"z":-0.016802294179797174,"w":-0.6151304244995117},"size":8.244415283203125,"orthographic":false}