{"cameraMode":{"drawMode":0,"name":"Shaded","section":"Shading Mode"},"sceneLighting":true,"audioPlay":false,"sceneViewState":{"m_AlwaysRefresh":true,"showFog":true,"showSkybox":true,"showFlares":true,"showImageEffects":true,"showParticleSystems":true,"showVisualEffectGraphs":true,"m_FxEnabled":true},"in2DMode":false,"pivot":{"x":0.005432605743408203,"y":2.9098129272460939,"z":9.803459167480469},"rotation":{"x":-0.0015519021544605494,"y":-0.9976738095283508,"z":-0.06862295418977738,"w":0.0155552439391613},"size":3.4173598289489748,"orthographic":false}